file,method,scenario,mass_scale,drag_scale,pid_gain,n_episodes,reward_mean,reward_std,mae_mean,mae_std,hold_mean,hold_std
pid_nominal_kp3.0_ki0.0_kd1.5_drag0.75,PID,nominal,1.0,0.75,3.0/0.0/1.5,50,445.6349,42.7589,0.0474,0.0558,0.9426,0.0293
pid_nominal_kp3.0_ki0.0_kd1.5,PID,nominal,1.0,1.0,3.0/0.0/1.5,50,445.9562,43.8035,0.0484,0.0576,0.944,0.0295
pid_nominal_kp3.0_ki0.0_kd1.5_mass1.15,PID,nominal,1.15,1.0,3.0/0.0/1.5,50,440.6331,46.5095,0.0522,0.0616,0.9373,0.0315
pid_pulse_kp3.0_ki0.0_kd1.5,PID,pulse,1.0,1.0,3.0/0.0/1.5,50,425.0324,43.7443,0.0525,0.0576,0.907,0.0297
base_ppo_nominal_drag0.75,PPO-nominal,nominal,1.0,0.75,,50,448.1012,46.4685,0.0503,0.0599,0.9508,0.0313
base_ppo_nominal,PPO-nominal,nominal,1.0,1.0,,50,449.9841,45.7914,0.0506,0.0607,0.9546,0.0292
base_ppo_nominal_mass1.15,PPO-nominal,nominal,1.15,1.0,,50,443.9552,49.9109,0.0548,0.0656,0.947,0.033
base_ppo_pulse,PPO-nominal,pulse,1.0,1.0,,50,449.7774,45.7844,0.0508,0.0607,0.9546,0.0292
dr_ppo_nominal_drag0.75,DR-PPO,nominal,1.0,0.75,,50,444.9572,48.0089,0.0497,0.0592,0.9444,0.0347
dr_ppo_nominal,DR-PPO,nominal,1.0,1.0,,50,448.001,45.419,0.0491,0.0592,0.9494,0.0303
dr_ppo_nominal_mass1.15,DR-PPO,nominal,1.15,1.0,,50,441.4852,50.4298,0.0537,0.0641,0.9414,0.0351
dr_ppo_pulse,DR-PPO,pulse,1.0,1.0,,50,447.4012,45.4022,0.05,0.0591,0.9494,0.0303
pulseppo_ppo_nominal_drag0.75,PPO-pulse,nominal,1.0,0.75,,50,453.7323,43.5345,0.0464,0.0556,0.9576,0.0292
pulseppo_ppo_nominal,PPO-pulse,nominal,1.0,1.0,,50,455.1613,41.6113,0.0473,0.0571,0.9612,0.024
pulseppo_ppo_nominal_mass1.15,PPO-pulse,nominal,1.15,1.0,,50,450.2839,46.6992,0.0508,0.0613,0.9552,0.0301
pulseppo_ppo_pulse,PPO-pulse,pulse,1.0,1.0,,50,454.6482,41.6036,0.0481,0.0571,0.9612,0.024
sacv4_sac_nominal_drag0.75,SAC-pulse,nominal,1.0,0.75,,50,452.5911,42.3643,0.05,0.0552,0.96,0.0271
sacv4_sac_nominal,SAC-pulse,nominal,1.0,1.0,,50,453.1623,40.6365,0.0512,0.057,0.9621,0.0226
sacv4_sac_nominal_mass1.15,SAC-pulse,nominal,1.15,1.0,,50,449.1622,45.217,0.0543,0.0609,0.9574,0.0276
sacv4_sac_pulse,SAC-pulse,pulse,1.0,1.0,,50,452.5534,40.5966,0.0522,0.0569,0.9621,0.0226
