label,n,mean_x,std_x,mean_y,std_y,diff,p_wilcoxon,rank_biserial_r,p_holm,p_welch
A1 RLvsPID  base-PPO @ pulse,50,0.954560,0.029199,0.906960,0.029687,0.047600,7.557e-10,1.0000,9.068e-09,6.661e-16
A2 RLvsPID  SAC-v4   @ pulse,50,0.962080,0.022584,0.906960,0.029687,0.055120,7.557e-10,1.0000,9.068e-09,0.000e+00
B1 Regime   @ nominal,50,0.961200,0.024034,0.954560,0.029199,0.006640,3.912e-07,0.9094,2.347e-06,2.144e-01
B2 Regime   @ pulse,50,0.961200,0.024034,0.954560,0.029199,0.006640,3.912e-07,0.9094,2.347e-06,2.144e-01
B3 Regime   @ mass+15%,50,0.955200,0.030083,0.947040,0.032956,0.008160,5.144e-08,0.9324,3.741e-07,1.960e-01
B4 Regime   @ drag-25%,50,0.957640,0.029201,0.950760,0.031293,0.006880,4.491e-08,0.9690,3.741e-07,2.557e-01
C1 Algo     @ nominal,50,0.961200,0.024034,0.962080,0.022584,-0.000880,1.045e-01,-0.3953,2.091e-01,8.503e-01
C2 Algo     @ pulse,50,0.961200,0.024034,0.962080,0.022584,-0.000880,1.045e-01,-0.3953,2.091e-01,8.503e-01
C3 Algo     @ mass+15%,50,0.955200,0.030083,0.957400,0.027604,-0.002200,3.751e-03,-0.5871,1.125e-02,7.032e-01
C4 Algo     @ drag-25%,50,0.957640,0.029201,0.959960,0.027137,-0.002320,5.656e-04,-0.7593,2.262e-03,6.807e-01
D1 DR       @ mass+15%,50,0.941360,0.035133,0.947040,0.032956,-0.005680,2.425e-08,-1.0000,2.425e-07,4.044e-01
D2 DR       @ drag-25%,50,0.944360,0.034732,0.950760,0.031293,-0.006400,4.157e-08,-0.9951,3.741e-07,3.330e-01
