time,depth,target,action
0.0,3.8941250879013625,3.85429117379794,0.0
0.1,3.886312021657237,3.85429117379794,-0.7813066244125366
0.2,3.8791521576488104,3.85429117379794,0.026254892349243164
0.30000000000000004,3.8717135184997407,3.85429117379794,-0.06367683410644531
0.4,3.8665069494859963,3.85429117379794,0.1860138177871704
0.5,3.8606454486079973,3.85429117379794,-0.09152603149414062
0.6000000000000001,3.8587459187337525,3.85429117379794,0.3668895959854126
0.7000000000000001,3.8556337157407934,3.85429117379794,-0.13076496124267578
0.8,3.855144166297293,3.85429117379794,0.2467043399810791
0.9,3.853232487213083,3.85429117379794,-0.14466071128845215
1.0,3.8538681802701107,3.85429117379794,0.24517881870269775
1.1,3.852848619083146,3.85429117379794,-0.1623469591140747
1.2000000000000002,3.854138312894922,3.85429117379794,0.22582769393920898
1.3,3.8535023967853195,3.85429117379794,-0.18611252307891846
1.4000000000000001,3.85473367992358,3.85429117379794,0.18354034423828125
1.5,3.854416493687757,3.85429117379794,-0.14869052171707153
1.6,3.8548902822536846,3.85429117379794,0.07751154899597168
1.7000000000000002,3.854978720672398,3.85429117379794,-0.03616607189178467
1.8,3.8547272786531015,3.85429117379794,-0.033545851707458496
1.9000000000000001,3.853974018266172,3.85429117379794,-0.05143904685974121
2.0,3.8525786370774835,3.85429117379794,-0.0679783821105957
2.1,3.8510729521638054,3.85429117379794,-0.018007278442382812
2.2,3.8500965243122782,3.85429117379794,0.045397281646728516
2.3000000000000003,3.849268454033824,3.85429117379794,0.009953618049621582
2.4000000000000004,3.8480637256552557,3.85429117379794,-0.041806161403656006
2.5,3.8464739083210127,3.85429117379794,-0.04453253746032715
2.6,3.8450954297119107,3.85429117379794,0.013184785842895508
2.7,3.8446445586193843,3.85429117379794,0.08586835861206055
2.8000000000000003,3.8450509285664545,3.85429117379794,0.08346974849700928
2.9000000000000004,3.8459550695490234,3.85429117379794,0.051808953285217285
3.0,3.8471480231434136,3.85429117379794,0.0334019660949707
3.1,3.848502041481409,3.85429117379794,0.022071242332458496
3.2,3.849937849735787,3.85429117379794,0.01494908332824707
3.3000000000000003,3.8516099425286177,3.85429117379794,0.0308074951171875
3.4000000000000004,3.8527145178562225,3.85429117379794,-0.04839128255844116
3.5,3.853476727385892,3.85429117379794,-0.028713703155517578
3.6,3.854311589750464,3.85429117379794,0.01107633113861084
3.7,3.854813994494473,3.85429117379794,-0.029071450233459473
3.8000000000000003,3.854739366216705,3.85429117379794,-0.0551912784576416
3.9000000000000004,3.8540558098984796,3.85429117379794,-0.06126594543457031
4.0,3.853020875175157,3.85429117379794,-0.03855562210083008
4.1000000000000005,3.8517594258840995,3.85429117379794,-0.027826130390167236
4.2,3.850883364750496,3.85429117379794,0.03223156929016113
4.3,3.8506238345921977,3.85429117379794,0.05727279186248779
4.4,3.8508033528240624,3.85429117379794,0.04260718822479248
4.5,3.8511631088970804,3.85429117379794,0.018921375274658203
4.6000000000000005,3.851556219415364,3.85429117379794,0.005134224891662598
4.7,3.8519390561788214,3.85429117379794,0.0009381771087646484
4.800000000000001,3.8522326196830163,3.85429117379794,-0.007013142108917236
4.9,3.8524107254786153,3.85429117379794,-0.010077953338623047
5.0,3.8523857739868683,3.85429117379794,-0.019415199756622314
5.1000000000000005,3.852211691127219,3.85429117379794,-0.015037894248962402
5.2,3.851918663103301,3.85429117379794,-0.012764930725097656
5.300000000000001,3.8515503263823123,3.85429117379794,-0.008996009826660156
5.4,3.851109709685697,3.85429117379794,-0.009069681167602539
5.5,3.8504504885480717,3.85429117379794,-0.024063527584075928
5.6000000000000005,3.849441518964154,3.85429117379794,-0.03827095031738281
5.7,3.8483091978678243,3.85429117379794,-0.0173799991607666
5.800000000000001,3.847416406368105,3.85429117379794,0.018291354179382324
5.9,3.847074806901181,3.85429117379794,0.050655245780944824
6.0,3.847063851946559,3.85429117379794,0.03135645389556885
6.1000000000000005,3.846495117303221,3.85429117379794,-0.055832743644714355
6.2,3.844786185692633,3.85429117379794,-0.11686336994171143
6.300000000000001,3.84238763285633,3.85429117379794,-0.07750678062438965
6.4,3.8403321829490893,3.85429117379794,0.02231752872467041
6.5,3.8401263996583803,3.85429117379794,0.1746894121170044
6.6000000000000005,3.8415726117604634,3.85429117379794,0.16417062282562256
6.7,3.842926745973049,3.85429117379794,-0.0019767284393310547
6.800000000000001,3.8437116212508458,3.85429117379794,-0.05015522241592407
6.9,3.8449698634386573,3.85429117379794,0.051261067390441895
7.0,3.8458273567746772,3.85429117379794,-0.033783674240112305
7.1000000000000005,3.847129720252093,3.85429117379794,0.04877448081970215
7.2,3.847885097169369,3.85429117379794,-0.04818683862686157
7.300000000000001,3.8493629422193125,3.85429117379794,0.07602369785308838
7.4,3.849803989729016,3.85429117379794,-0.09629052877426147
7.5,3.851695536685897,3.85429117379794,0.14725518226623535
7.6000000000000005,3.8516446502501647,3.85429117379794,-0.1847856044769287
7.7,3.853175824070209,3.85429117379794,0.15795159339904785
7.800000000000001,3.8532386522663065,3.85429117379794,-0.13917869329452515
7.9,3.853839986725252,3.85429117379794,0.054164767265319824
8.0,3.8541994851188277,3.85429117379794,-0.021176934242248535
8.1,3.853995766163945,3.85429117379794,-0.054524242877960205
8.200000000000001,3.8532085577818216,3.85429117379794,-0.05936753749847412
8.3,3.851768674859011,3.85429117379794,-0.06920349597930908
8.4,3.8503723427458545,3.85429117379794,-0.0028443336486816406
8.5,3.8493919740603317,3.85429117379794,0.0346146821975708
8.6,3.8485059841358518,3.85429117379794,0.004536032676696777
8.700000000000001,3.847197881401764,3.85429117379794,-0.04664123058319092
8.8,3.845633392632353,3.85429117379794,-0.03217911720275879
8.9,3.8444444458062956,3.85429117379794,0.02973175048828125
9.0,3.8441993958035052,3.85429117379794,0.08844494819641113
9.1,3.844764879732052,3.85429117379794,0.07982814311981201
9.200000000000001,3.8457776963825068,3.85429117379794,0.047560691833496094
9.3,3.8470623893570397,3.85429117379794,0.032251715660095215
9.4,3.848514234105957,3.85429117379794,0.02313864231109619
9.5,3.850062583802563,3.85429117379794,0.01690971851348877
9.600000000000001,3.851732866132976,3.85429117379794,0.019935011863708496
9.700000000000001,3.8528256912516614,3.85429117379794,-0.049394309520721436
9.8,3.853678672754259,3.85429117379794,-0.018520236015319824
9.9,3.8545103853678078,3.85429117379794,0.0021380186080932617
10.0,3.8549268710981615,3.85429117379794,-0.03736412525177002
10.100000000000001,3.854738526232488,3.85429117379794,-0.058400630950927734
10.200000000000001,3.8539808273765397,3.85429117379794,-0.05787712335586548
10.3,3.8528842095884195,3.85429117379794,-0.03768038749694824
10.4,3.8516008242028046,3.85429117379794,-0.02415984869003296
10.5,3.8508392155941764,3.85429117379794,0.04576075077056885
10.600000000000001,3.8507103414992314,3.85429117379794,0.05946540832519531
10.700000000000001,3.850945199231211,3.85429117379794,0.0357288122177124
10.8,3.851342894889046,3.85429117379794,0.017458081245422363
10.9,3.851754002110653,3.85429117379794,0.003329634666442871
11.0,3.852130124878773,3.85429117379794,-0.0014429092407226562
11.100000000000001,3.8524080218956023,3.85429117379794,-0.007941961288452148
11.200000000000001,3.8525647929214535,3.85429117379794,-0.010723114013671875
11.3,3.8525103412350163,3.85429117379794,-0.02033841609954834
11.4,3.8523120216616333,3.85429117379794,-0.01465904712677002
11.5,3.8520020448571572,3.85429117379794,-0.012157320976257324
11.600000000000001,3.8516249459145495,3.85429117379794,-0.008262097835540771
11.700000000000001,3.851140836578839,3.85429117379794,-0.012586534023284912
11.8,3.8504236015770257,3.85429117379794,-0.025733113288879395
11.9,3.849364006455834,3.85429117379794,-0.037822186946868896
12.0,3.8482089659884684,3.85429117379794,-0.014842510223388672
12.100000000000001,3.8474272257260047,3.85429117379794,0.03155481815338135
12.200000000000001,3.847187756079951,3.85429117379794,0.050318360328674316
12.3,3.8471700027007,3.85429117379794,0.020974278450012207
12.4,3.846431116721971,3.85429117379794,-0.07220202684402466
12.5,3.8445951054802205,3.85429117379794,-0.1134069561958313
12.600000000000001,3.8420885728515524,3.85429117379794,-0.0762321949005127
12.700000000000001,3.8401458150450067,3.85429117379794,0.04384481906890869
12.8,3.8403016439984934,3.85429117379794,0.20014488697052002
12.9,3.84196437619501,3.85429117379794,0.15146946907043457
13.0,3.843222305183381,3.85429117379794,-0.03216665983200073
13.100000000000001,3.8440422796674096,3.85429117379794,-0.03750580549240112
13.200000000000001,3.8453298308666897,3.85429117379794,0.0508575439453125
13.3,3.8461808122424026,3.85429117379794,-0.037219226360321045
13.4,3.8475027731347637,3.85429117379794,0.051352858543395996
13.5,3.848241401776307,3.85429117379794,-0.0517234206199646
13.600000000000001,3.849739858114344,3.85429117379794,0.07967591285705566
13.700000000000001,3.8501220841861383,3.85429117379794,-0.10413074493408203
13.8,3.8520385961329926,3.85429117379794,0.15533971786499023
13.9,3.8519821540006394,3.85429117379794,-0.18771284818649292
14.0,3.8504851438258156,3.85429117379794,0.14977645874023438
14.100000000000001,3.8460525867074074,3.85429117379794,-0.006924271583557129
14.200000000000001,3.841370606210703,3.85429117379794,0.24701035022735596
14.3,3.835493203398492,3.85429117379794,0.15116333961486816
14.4,3.8322439895850664,3.85429117379794,0.5275473594665527
14.5,3.828217180120216,3.85429117379794,0.2001098394393921
14.600000000000001,3.8261836336797916,3.85429117379794,0.473307728767395
14.700000000000001,3.8224116804673693,3.85429117379794,0.11010706424713135
14.8,3.8218259075715038,3.85429117379794,0.5938737392425537
14.9,3.820132639464068,3.85429117379794,0.1804370880126953
15.0,3.8221508307691603,3.85429117379794,0.3626796007156372
15.100000000000001,3.823824243681178,3.85429117379794,-0.024386882781982422
15.200000000000001,3.8265875918664793,3.85429117379794,0.11736059188842773
15.3,3.8297205517639146,3.85429117379794,0.05077791213989258
15.4,3.833197465196553,3.85429117379794,0.050060153007507324
15.5,3.836772120329386,3.85429117379794,0.027158737182617188
15.600000000000001,3.8403181868057663,3.85429117379794,0.015014410018920898
15.700000000000001,3.843847609509948,3.85429117379794,0.01606595516204834
15.8,3.8474302153910545,3.85429117379794,0.022965431213378906
15.9,3.850432241178568,3.85429117379794,-0.04014497995376587
16.0,3.8523234109245466,3.85429117379794,-0.09607547521591187
16.1,3.8537660224493013,3.85429117379794,-0.03539997339248657
16.2,3.8547955755585392,3.85429117379794,-0.03409278392791748
16.3,3.8552569741095444,3.85429117379794,-0.05166769027709961
16.400000000000002,3.8550701620660375,3.85429117379794,-0.06251406669616699
16.5,3.8543127040524405,3.85429117379794,-0.0579986572265625
16.6,3.8532102353907867,3.85429117379794,-0.03828835487365723
16.7,3.851941383208976,3.85429117379794,-0.022150695323944092
16.8,3.8511715059677227,3.85429117379794,0.04355323314666748
16.900000000000002,3.851038358910935,3.85429117379794,0.05982363224029541
17.0,3.8512819878249984,3.85429117379794,0.03701186180114746
17.1,3.8516652197133716,3.85429117379794,0.015178442001342773
17.2,3.8520613811480735,3.85429117379794,0.0032091140747070312
17.3,3.852407421972893,3.85429117379794,-0.0030312538146972656
17.400000000000002,3.852657272220972,3.85429117379794,-0.007888853549957275
17.5,3.8527772541059697,3.85429117379794,-0.011737585067749023
17.6,3.852686762566769,3.85429117379794,-0.02044743299484253
17.7,3.8524564838188304,3.85429117379794,-0.014431178569793701
17.8,3.852125527569614,3.85429117379794,-0.011219143867492676
17.900000000000002,3.85173572044931,3.85429117379794,-0.007539868354797363
18.0,3.8512031044096235,3.85429117379794,-0.01622992753982544
18.1,3.8504130583360827,3.85429117379794,-0.028406083583831787
18.2,3.8493088623273732,3.85429117379794,-0.03536522388458252
18.3,3.848133862363301,3.85429117379794,-0.012601375579833984
18.400000000000002,3.8474440764782427,3.85429117379794,0.04264640808105469
18.5,3.8472884110538956,3.85429117379794,0.04996311664581299
18.6,3.8472072014643186,3.85429117379794,0.0066672563552856445
18.7,3.8462600367330353,3.85429117379794,-0.08700156211853027
18.8,3.8443031502078746,3.85429117379794,-0.10570800304412842
18.900000000000002,3.8417422668930206,3.85429117379794,-0.07018411159515381
19.0,3.8400530135688755,3.85429117379794,0.07435858249664307
19.1,3.840501045023975,3.85429117379794,0.20528221130371094
19.200000000000003,3.8422725120225607,3.85429117379794,0.1345837116241455
19.3,3.8434188386984847,3.85429117379794,-0.053656697273254395
19.400000000000002,3.8443109105259032,3.85429117379794,-0.019693851470947266
19.5,3.8455318614661134,3.85429117379794,0.037348270416259766
19.6,3.8464522197524253,3.85429117379794,-0.02395451068878174
19.700000000000003,3.84767239104178,3.85429117379794,0.034583091735839844
19.8,3.848500867197453,3.85429117379794,-0.03306865692138672
19.900000000000002,3.8498940463306206,3.85429117379794,0.06061267852783203
20.0,3.8504286149909785,3.85429117379794,-0.07889515161514282
20.1,3.8522146327180895,3.85429117379794,0.12781774997711182
20.200000000000003,3.8522546950817254,3.85429117379794,-0.16566544771194458
20.3,3.853605260526063,3.85429117379794,0.13125061988830566
20.400000000000002,3.853755396983309,3.85429117379794,-0.11329007148742676
20.5,3.854175569685625,3.85429117379794,0.02775430679321289
20.6,3.854416771311381,3.85429117379794,-0.015796244144439697
20.700000000000003,3.854031762093291,3.85429117379794,-0.06141507625579834
20.8,3.8530164307252504,3.85429117379794,-0.06495726108551025
20.900000000000002,3.851482021679701,3.85429117379794,-0.05698442459106445
21.0,3.8503106475738864,3.85429117379794,0.02863144874572754
21.1,3.8493305459544906,3.85429117379794,0.013270378112792969
21.200000000000003,3.848287902899646,3.85429117379794,-0.011154651641845703
21.3,3.8467903257476963,3.85429117379794,-0.05070662498474121
21.400000000000002,3.845228531074064,3.85429117379794,-0.013909637928009033
21.5,3.8443271635135687,3.85429117379794,0.05823373794555664
21.6,3.844376323258253,3.85429117379794,0.0905458927154541
21.700000000000003,3.8451152399815234,3.85429117379794,0.06922149658203125
21.8,3.8462303723848197,3.85429117379794,0.04131615161895752
21.900000000000002,3.8475493991136145,3.85429117379794,0.025965094566345215
22.0,3.8490176031661716,3.85429117379794,0.021512866020202637
22.1,3.8506394883285093,3.85429117379794,0.022709131240844727
22.200000000000003,3.8521120587365525,3.85429117379794,-0.006822049617767334
22.3,3.8530254540352957,3.85429117379794,-0.04855465888977051
22.400000000000002,3.8539423069094187,3.85429117379794,0.004912734031677246
22.5,3.854679092248173,3.85429117379794,-0.013422489166259766
22.6,3.8549260269264427,3.85429117379794,-0.04530113935470581
22.700000000000003,3.8545543581473947,3.85429117379794,-0.060625672340393066
22.8,3.853680036149203,3.85429117379794,-0.05212366580963135
22.900000000000002,3.852500566649236,3.85429117379794,-0.03488636016845703
23.0,3.851278225955879,3.85429117379794,-0.01018446683883667
23.1,3.8506142504699503,3.85429117379794,0.04972481727600098
23.200000000000003,3.850601947049715,3.85429117379794,0.06184732913970947
23.3,3.8509423744315945,3.85429117379794,0.03521156311035156
23.400000000000002,3.851371142382857,3.85429117379794,0.01053619384765625
23.5,3.851800370683047,3.85429117379794,0.0021898746490478516
23.6,3.8521553218924915,3.85429117379794,-0.005281567573547363
23.700000000000003,3.8524064218637144,3.85429117379794,-0.008610367774963379
23.8,3.852502821679516,3.85429117379794,-0.014214515686035156
23.900000000000002,3.8524028470773803,3.85429117379794,-0.019155442714691162
24.0,3.85216781697943,3.85429117379794,-0.014005422592163086
24.1,3.8518348431902254,3.85429117379794,-0.01096951961517334
24.200000000000003,3.851446907878155,3.85429117379794,-0.0071610212326049805
24.3,3.850896695566506,3.85429117379794,-0.01816737651824951
24.400000000000002,3.8500596193043606,3.85429117379794,-0.031437456607818604
24.5,3.8489430855006854,3.85429117379794,-0.0321311354637146
24.6,3.847780403184634,3.85429117379794,-0.01019752025604248
24.700000000000003,3.84715436464892,3.85429117379794,0.047850966453552246
24.8,3.847062786609328,3.85429117379794,0.05031585693359375
24.900000000000002,3.846891917180006,3.85429117379794,-0.00838702917098999
25.0,3.8457480481580326,3.85429117379794,-0.09815430641174316
25.1,3.8437107148618237,3.85429117379794,-0.09506577253341675
25.200000000000003,3.8412568928608573,3.85429117379794,-0.05183553695678711
25.3,3.8399061439255764,3.85429117379794,0.0980381965637207
25.400000000000002,3.840652213099596,3.85429117379794,0.2029280662536621
25.5,3.8424625274866373,3.85429117379794,0.11015486717224121
25.6,3.8434526788755408,3.85429117379794,-0.07296472787857056
25.700000000000003,3.8444346191770853,3.85429117379794,0.004129648208618164
25.8,3.8455449591352293,3.85429117379794,0.017749667167663574
25.900000000000002,3.8465825533728935,3.85429117379794,-0.001722872257232666
26.0,3.847649158554192,3.85429117379794,0.008089065551757812
26.1,3.8487105594587105,3.85429117379794,0.00481259822845459
26.200000000000003,3.849846320280161,3.85429117379794,0.012742996215820312
26.3,3.8509140170538405,3.85429117379794,-0.0011276006698608398
26.400000000000002,3.8520618934610344,3.85429117379794,0.013356447219848633
26.5,3.853045569292803,3.85429117379794,-0.010680675506591797
26.6,3.8538441621468484,3.85429117379794,-0.013589918613433838
26.700000000000003,3.8545343694236673,3.85429117379794,-0.006845593452453613
26.8,3.855089745759024,3.85429117379794,-0.010032057762145996
26.900000000000002,3.8551485180429705,3.85429117379794,-0.04688352346420288
27.0,3.8546234066977663,3.85429117379794,-0.05809450149536133
27.1,3.853455439310363,3.85429117379794,-0.06691116094589233
27.200000000000003,3.8518594928146843,3.85429117379794,-0.0486377477645874
27.3,3.8507926649137785,3.85429117379794,0.04493212699890137
27.400000000000002,3.8498901300699813,3.85429117379794,0.011095166206359863
27.5,3.848798574658117,3.85429117379794,-0.0234147310256958
27.6,3.847255218008553,3.85429117379794,-0.050637900829315186
27.700000000000003,3.845708619545433,3.85429117379794,-0.008040964603424072
27.8,3.8449380533408264,3.85429117379794,0.0698702335357666
27.900000000000002,3.845081948616769,3.85429117379794,0.08759331703186035
28.0,3.845817152480126,3.85429117379794,0.059850335121154785
28.1,3.8468875482072,3.85429117379794,0.03719520568847656
28.200000000000003,3.8481416101029677,3.85429117379794,0.023718595504760742
28.3,3.849509114934373,3.85429117379794,0.01761460304260254
28.400000000000002,3.851063302335945,3.85429117379794,0.025505781173706055
28.5,3.852361029614036,3.85429117379794,-0.017875075340270996
28.6,3.853122331626893,3.85429117379794,-0.04715389013290405
28.700000000000003,3.8540108331455833,3.85429117379794,0.016526460647583008
28.8,3.8546583334698696,3.85429117379794,-0.019657611846923828
28.900000000000002,3.8548060224643126,3.85429117379794,-0.04674363136291504
29.0,3.854332508244347,3.85429117379794,-0.06138187646865845
29.1,3.8534089689735844,3.85429117379794,-0.047370076179504395
29.200000000000003,3.852197534553323,3.85429117379794,-0.03340721130371094
29.3,3.851066138731058,3.85429117379794,0.0019466876983642578
29.400000000000002,3.850518626647584,3.85429117379794,0.05273139476776123
29.5,3.8505794769064887,3.85429117379794,0.058098673820495605
29.6,3.8509171523015264,3.85429117379794,0.027986764907836914
29.700000000000003,3.851336757699014,3.85429117379794,0.009881377220153809
29.8,3.851762682946027,3.85429117379794,0.0027300119400024414
29.900000000000002,3.852103570723567,3.85429117379794,-0.0063741207122802734
30.0,3.852337456398149,3.85429117379794,-0.008995771408081055
30.1,3.8523969038629535,3.85429117379794,-0.01627439260482788
30.200000000000003,3.8522761159330488,3.85429117379794,-0.01772630214691162
30.3,3.852023543579525,3.85429117379794,-0.013782382011413574
30.400000000000002,3.8516790270706975,3.85429117379794,-0.010457277297973633
30.5,3.8512841596212977,3.85429117379794,-0.006757676601409912
30.6,3.8507042918014247,3.85429117379794,-0.020474374294281006
30.700000000000003,3.849796069645724,3.85429117379794,-0.03573477268218994
30.8,3.8486848884272145,3.85429117379794,-0.024837017059326172
30.900000000000002,3.8475448893384403,3.85429117379794,-0.008437693119049072
31.0,3.8469615142180054,3.85429117379794,0.049962401390075684
31.1,3.8469062619112857,3.85429117379794,0.049895405769348145
31.200000000000003,3.8466445825665057,3.85429117379794,-0.020918965339660645
31.3,3.8453320627571634,3.85429117379794,-0.10639244318008423
31.400000000000002,3.8432351268335676,3.85429117379794,-0.08500421047210693
31.5,3.840930558567777,3.85429117379794,-0.03124791383743286
31.6,3.8398928722434897,3.85429117379794,0.1151653528213501
31.700000000000003,3.8408249200145455,3.85429117379794,0.19178497791290283
31.8,3.842536056620193,3.85429117379794,0.08256912231445312
31.900000000000002,3.8433587642146194,3.85429117379794,-0.08028721809387207
32.0,3.844483179961887,3.85429117379794,0.034284353256225586
32.1,3.8454473666047972,3.85429117379794,-0.010400831699371338
32.2,3.846621334275822,3.85429117379794,0.025799036026000977
32.300000000000004,3.8474918531827798,3.85429117379794,-0.024475038051605225
32.4,3.848828625597667,3.85429117379794,0.05097794532775879
32.5,3.8495078702095284,3.85429117379794,-0.059068918228149414
32.6,3.8511970742998574,3.85429117379794,0.1043921709060669
32.7,3.8513108306463786,3.85429117379794,-0.14909875392913818
32.800000000000004,3.852973466989447,3.85429117379794,0.1554567813873291
32.9,3.853051656875317,3.85429117379794,-0.1501314640045166
33.0,3.853871685548372,3.85429117379794,0.07457482814788818
33.1,3.8541690798398527,3.85429117379794,-0.04816329479217529
33.2,3.854080603053959,3.85429117379794,-0.037100136280059814
33.300000000000004,3.853479963207602,3.85429117379794,-0.051658689975738525
33.4,3.852216271948069,3.85429117379794,-0.069308340549469
33.5,3.8506397797483154,3.85429117379794,-0.03759855031967163
33.6,3.8496946615207324,3.85429117379794,0.05525493621826172
33.7,3.8488630891062616,3.85429117379794,0.006628990173339844
33.800000000000004,3.8476989283470298,3.85429117379794,-0.037416696548461914
33.9,3.8460981217715804,3.85429117379794,-0.04948538541793823
34.0,3.8446202517956554,3.85429117379794,0.0042896270751953125
34.1,3.84408731137123,3.85429117379794,0.08710360527038574
34.2,3.8444637794464507,3.85429117379794,0.08827614784240723
34.300000000000004,3.845386997094976,3.85429117379794,0.056557297706604004
34.4,3.8466177263655,3.85429117379794,0.03536725044250488
34.5,3.8480393233854495,3.85429117379794,0.025240421295166016
34.6,3.849551071118519,3.85429117379794,0.016123056411743164
34.7,3.851263991327835,3.85429117379794,0.027675986289978027
34.800000000000004,3.8525414863976564,3.85429117379794,-0.03497791290283203
34.9,3.8532779661681418,3.85429117379794,-0.047714054584503174
35.0,3.854147745527221,3.85429117379794,0.017012357711791992
35.1,3.854725131690136,3.85429117379794,-0.024890422821044922
35.2,3.854761910483,3.85429117379794,-0.05117380619049072
35.300000000000004,3.8541804363853007,3.85429117379794,-0.0616413950920105
35.4,3.853205059975488,3.85429117379794,-0.0422976016998291
35.5,3.851967366804387,3.85429117379794,-0.031108558177947998
35.6,3.85096732285254,3.85429117379794,0.01757645606994629
35.7,3.850568384451786,3.85429117379794,0.05511033535003662
35.800000000000004,3.85069455425647,3.85429117379794,0.05051612854003906
35.9,3.8510307565895965,3.85429117379794,0.02163410186767578
36.0,3.8514305876583768,3.85429117379794,0.008043885231018066
36.1,3.8518327240792356,3.85429117379794,0.0022296905517578125
36.2,3.852149857333913,3.85429117379794,-0.0064896345138549805
36.300000000000004,3.8523543121408834,3.85429117379794,-0.009682178497314453
36.4,3.8523698226603784,3.85429117379794,-0.017872154712677002
36.5,3.8522226905121753,3.85429117379794,-0.01618671417236328
36.6,3.8519465675583193,3.85429117379794,-0.013634741306304932
36.7,3.8515895055930067,3.85429117379794,-0.009474515914916992
36.800000000000004,3.8511740546366884,3.85429117379794,-0.007624208927154541
36.9,3.850554667313429,3.85429117379794,-0.02247089147567749
37.0,3.8495984082317984,3.85429117379794,-0.03678411245346069
37.1,3.8484790451082467,3.85429117379794,-0.021091699600219727
37.2,3.847462418329349,3.85429117379794,0.00467681884765625
37.300000000000004,3.847000098555443,3.85429117379794,0.05034756660461426
37.4,3.846968722862807,3.85429117379794,0.040782809257507324
37.5,3.846552786337112,3.85429117379794,-0.038612961769104004
37.6,3.845025190573477,3.85429117379794,-0.11324560642242432
37.7,3.8427826716786364,3.85429117379794,-0.07913029193878174
37.800000000000004,3.840608243413024,3.85429117379794,-0.004403531551361084
37.9,3.839991697136559,3.85429117379794,0.14491605758666992
38.0,3.8411584942051826,3.85429117379794,0.17525160312652588
38.1,3.8426922997022355,3.85429117379794,0.042534828186035156
38.2,3.8434005689895674,3.85429117379794,-0.07488459348678589
38.300000000000004,3.844596878763415,3.85429117379794,0.0523453950881958
38.400000000000006,3.8454501448896194,3.85429117379794,-0.028322815895080566
38.5,3.8467234740641127,3.85429117379794,0.0462726354598999
38.6,3.847499570209599,3.85429117379794,-0.04335665702819824
38.7,3.8489632824271753,3.85429117379794,0.07264208793640137
38.800000000000004,3.849467508827688,3.85429117379794,-0.08863002061843872
38.900000000000006,3.8513300967250244,3.85429117379794,0.1383572816848755
39.0,3.851303320977425,3.85429117379794,-0.17962342500686646
39.1,3.8529236981975794,3.85429117379794,0.16458141803741455
39.2,3.8505061892117074,3.85429117379794,-0.14717984199523926
39.300000000000004,3.8478970426735244,3.85429117379794,0.2172555923461914
39.400000000000006,3.843024204270231,3.85429117379794,0.009091973304748535
39.5,3.838806198885153,3.85429117379794,0.28962600231170654
39.6,3.83466742006788,3.85429117379794,0.23533952236175537
39.7,3.832128538467103,3.85429117379794,0.38780272006988525
39.800000000000004,3.828201033755078,3.85429117379794,0.09695017337799072
39.900000000000006,3.8264429587990985,3.85429117379794,0.4458123445510864
40.0,3.8231861871602666,3.85429117379794,0.08984684944152832
40.1,3.8219144361548723,3.85429117379794,0.43072509765625
40.2,3.8218804722808937,3.85429117379794,0.11741995811462402
40.300000000000004,3.8243652451843695,3.85429117379794,0.2517038583755493
40.400000000000006,3.827327104477767,3.85429117379794,0.060132503509521484
40.5,3.830730761286536,3.85429117379794,0.05898904800415039
40.6,3.8344407875028677,3.85429117379794,0.04765522480010986
40.7,3.8382140568961454,3.85429117379794,0.024874448776245117
40.800000000000004,3.841965474762813,3.85429117379794,0.016681194305419922
40.900000000000006,3.8457185748279596,3.85429117379794,0.01892530918121338
41.0,3.849342409791964,3.85429117379794,0.005838990211486816
41.1,3.8515863368441328,3.85429117379794,-0.11987161636352539
41.2,3.8531125064064935,3.85429117379794,-0.060556113719940186
41.300000000000004,3.8543185177364028,3.85429117379794,-0.02438497543334961
41.400000000000006,3.854982515681671,3.85429117379794,-0.048171281814575195
41.5,3.8550378678392487,3.85429117379794,-0.057544589042663574
41.6,3.8544421749870237,3.85429117379794,-0.06482774019241333
41.7,3.853475374281301,3.85429117379794,-0.04008924961090088
41.800000000000004,3.8522322936023956,3.85429117379794,-0.03246200084686279
41.900000000000006,3.851348859699974,3.85429117379794,0.029749274253845215
42.0,3.8510434464936045,3.85429117379794,0.05338490009307861
42.1,3.8511664380456065,3.85429117379794,0.04131340980529785
42.2,3.8514900890638923,3.85429117379794,0.020680904388427734
42.300000000000004,3.851858306585219,3.85429117379794,0.0060749053955078125
42.400000000000006,3.8522213240039473,3.85429117379794,0.0013210773468017578
42.5,3.8525002314557844,3.85429117379794,-0.006595909595489502
42.6,3.8526679700147506,3.85429117379794,-0.009722352027893066
42.7,3.852628213521989,3.85429117379794,-0.019910812377929688
42.800000000000004,3.852439524105155,3.85429117379794,-0.015092074871063232
42.900000000000006,3.85213638209709,3.85429117379794,-0.01238870620727539
43.0,3.8517588865101837,3.85429117379794,-0.008951067924499512
43.1,3.8513068431705406,3.85429117379794,-0.0093422532081604
43.2,3.8506316073439875,3.85429117379794,-0.02457946538925171
43.300000000000004,3.849601367973679,3.85429117379794,-0.03887653350830078
43.400000000000006,3.8484523518899016,3.85429117379794,-0.017028868198394775
43.5,3.847549109869667,3.85429117379794,0.01883232593536377
43.6,3.847196997090642,3.85429117379794,0.05059671401977539
43.7,3.8471731052517,3.85429117379794,0.031061530113220215
43.800000000000004,3.8465908109893245,3.85429117379794,-0.05595970153808594
43.900000000000006,3.8448716412066464,3.85429117379794,-0.11659902334213257
44.0,3.8424630503745663,3.85429117379794,-0.07753795385360718
44.1,3.8403984649145495,3.85429117379794,0.022357583045959473
44.2,3.840188437434275,3.85429117379794,0.1751328706741333
44.300000000000004,3.841629949984249,3.85429117379794,0.16410386562347412
44.400000000000006,3.842964016914468,3.85429117379794,-0.003536999225616455
44.5,3.8437457564232402,3.85429117379794,-0.04856240749359131
44.6,3.8450016907787785,3.85429117379794,0.051328182220458984
44.7,3.8458558478610056,3.85429117379794,-0.03389805555343628
44.800000000000004,3.847157225811503,3.85429117379794,0.04899287223815918
44.900000000000006,3.84791029676347,3.85429117379794,-0.04832381010055542
45.0,3.849387994393592,3.85429117379794,0.07622802257537842
45.1,3.849824832645367,3.85429117379794,-0.09669744968414307
45.2,3.851717506806666,3.85429117379794,0.1477677822113037
45.300000000000004,3.8516657421432465,3.85429117379794,-0.18498051166534424
45.400000000000006,3.853191887864182,3.85429117379794,0.1575322151184082
45.5,3.8532547500570056,3.85429117379794,-0.13869762420654297
45.6,3.8538497128898066,3.85429117379794,0.05352437496185303
45.7,3.8542063405305296,3.85429117379794,-0.020858705043792725
45.800000000000004,3.8539987237252133,3.85429117379794,-0.05464130640029907
45.900000000000006,3.8532054723068243,3.85429117379794,-0.059601545333862305
46.0,3.8517599003556025,3.85429117379794,-0.06919831037521362
46.1,3.8503681820141487,3.85429117379794,-0.001842498779296875
46.2,3.8493870251127627,3.85429117379794,0.03409755229949951
46.300000000000004,3.8484973478742255,3.85429117379794,0.0042421817779541016
46.400000000000006,3.8471843718809997,3.85429117379794,-0.04677826166152954
46.5,3.845620971388981,3.85429117379794,-0.03160732984542847
46.6,3.844440361187524,3.85429117379794,0.030462026596069336
46.7,3.844204020143601,3.85429117379794,0.08852386474609375
46.800000000000004,3.8447753862447236,3.85429117379794,0.07958900928497314
46.900000000000006,3.8457908655631594,3.85429117379794,0.04726815223693848
47.0,3.8470768912110076,3.85429117379794,0.03213202953338623
47.1,3.8485293678061536,3.85429117379794,0.023075222969055176
47.2,3.850079509849573,3.85429117379794,0.01702892780303955
47.300000000000004,3.8517443626176644,3.85429117379794,0.019221782684326172
47.400000000000006,3.8528353383059755,3.85429117379794,-0.04906344413757324
47.5,3.8536905039088305,3.85429117379794,-0.01812613010406494
47.6,3.854520786664511,3.85429117379794,0.0017875432968139648
47.7,3.854932321657949,3.85429117379794,-0.0377233624458313
47.800000000000004,3.8547381691181384,3.85429117379794,-0.05851107835769653
47.900000000000006,3.853976637399021,3.85429117379794,-0.057708680629730225
48.0,3.8528766460157446,3.85429117379794,-0.03765362501144409
48.1,3.851592069755679,3.85429117379794,-0.023958444595336914
48.2,3.8508325901903917,3.85429117379794,0.046086788177490234
48.300000000000004,3.850708239697515,3.85429117379794,0.05971550941467285
48.400000000000006,3.8509472065007824,3.85429117379794,0.03570997714996338
48.5,3.851347540965778,3.85429117379794,0.017331600189208984
48.6,3.851760148927785,3.85429117379794,0.0032290220260620117
48.7,3.8521363235122217,3.85429117379794,-0.0015802979469299316
48.800000000000004,3.852413705298566,3.85429117379794,-0.007998406887054443
48.900000000000006,3.852569573199222,3.85429117379794,-0.010764479637145996
49.0,3.8525138087604103,3.85429117379794,-0.020383894443511963
49.1,3.8523142462445965,3.85429117379794,-0.014658629894256592
49.2,3.8520034772670946,3.85429117379794,-0.01211845874786377
49.300000000000004,3.851625983387981,3.85429117379794,-0.008226335048675537
49.400000000000006,3.8511397339690587,3.85429117379794,-0.012763023376464844
49.5,3.850419156374148,3.85429117379794,-0.025864064693450928
49.6,3.849357653580308,3.85429117379794,-0.03769540786743164
49.7,3.848201619195699,3.85429117379794,-0.01476067304611206
49.800000000000004,3.8474253946632553,3.85429117379794,0.03220081329345703
49.900000000000006,3.8471911494635127,3.85429117379794,0.050316810607910156
50.0,3.8471710899257805,3.85429117379794,0.020247340202331543
